{
    "loss": 2.9847679138183594,
    "accuracy": 0.6410256624221802
}