{
    "loss": 0.22659169137477875,
    "accuracy": 0.9358974099159241
}