{
    "loss": 0.24109509587287903,
    "accuracy": 0.8846153616905212
}